<?xml version="1.0" encoding="UTF-8"?>
<project-private xmlns="http://www.netbeans.org/ns/project-private/1">
    <editor-bookmarks xmlns="http://www.netbeans.org/ns/editor-bookmarks/2" lastBookmarkId="0"/>
    <open-files xmlns="http://www.netbeans.org/ns/projectui-open-files/2">
        <group name="POO">
            <file>file:/C:/Users/creep/Desktop/CTESP/2oSemestre/POO/Projetos/GestaoRH/Gestao-RH/src/gestao/rh/AnoClass.java</file>
            <file>file:/C:/Users/creep/Desktop/CTESP/2oSemestre/POO/Projetos/GestaoRH/Gestao-RH/src/gestao/rh/GestorClass.java</file>
            <file>file:/C:/Users/creep/Desktop/CTESP/2oSemestre/POO/Projetos/GestaoRH/Gestao-RH/src/gestao/rh/Ano.java</file>
            <file>file:/C:/Users/creep/Desktop/CTESP/2oSemestre/POO/Projetos/GestaoRH/Gestao-RH/src/gestao/rh/ComercialClass.java</file>
            <file>file:/C:/Users/creep/Desktop/CTESP/2oSemestre/POO/Projetos/GestaoRH/Gestao-RH/src/gestao/rh/EmpregadoAbsClass.java</file>
            <file>file:/C:/Users/creep/Desktop/CTESP/2oSemestre/POO/Projetos/GestaoRH/Gestao-RH/src/gestao/rh/Empregado.java</file>
            <file>file:/C:/Users/creep/Desktop/CTESP/2oSemestre/POO/Projetos/GestaoRH/Gestao-RH/src/gestao/rh/Comercial.java</file>
        </group>
        <group name="Projetos">
            <file>file:/C:/Users/creep/Desktop/CTESP/2oSemestre/POO/Projetos/GestaoRH/Gestao-RH/src/gestaorh/MotoristaClass.java</file>
            <file>file:/C:/Users/creep/Desktop/CTESP/2oSemestre/POO/Projetos/GestaoRH/Gestao-RH/src/gestaorh/Motorista.java</file>
            <file>file:/C:/Users/creep/Desktop/CTESP/2oSemestre/POO/Projetos/GestaoRH/Gestao-RH/src/gestaorh/Date.java</file>
            <file>file:/C:/Users/creep/Desktop/CTESP/2oSemestre/POO/Projetos/GestaoRH/Gestao-RH/src/gestaorh/ComercialClass.java</file>
            <file>file:/C:/Users/creep/Desktop/CTESP/2oSemestre/POO/Projetos/GestaoRH/Gestao-RH/src/gestaorh/package.bluej</file>
            <file>file:/C:/Users/creep/Desktop/CTESP/2oSemestre/POO/Projetos/GestaoRH/Gestao-RH/src/gestaorh/Normal.java</file>
            <file>file:/C:/Users/creep/Desktop/CTESP/2oSemestre/POO/Projetos/GestaoRH/Gestao-RH/src/gestaorh/Gestor.java</file>
            <file>file:/C:/Users/creep/Desktop/CTESP/2oSemestre/POO/Projetos/GestaoRH/Gestao-RH/src/gestaorh/Vendas.java</file>
            <file>file:/C:/Users/creep/Desktop/CTESP/2oSemestre/POO/Projetos/GestaoRH/Gestao-RH/src/gestaorh/Comercial.java</file>
            <file>file:/C:/Users/creep/Desktop/CTESP/2oSemestre/POO/Projetos/GestaoRH/Gestao-RH/src/gestaorh/GestorClass.java</file>
            <file>file:/C:/Users/creep/Desktop/CTESP/2oSemestre/POO/Projetos/GestaoRH/Gestao-RH/src/gestaorh/NormalClass.java</file>
            <file>file:/C:/Users/creep/Desktop/CTESP/2oSemestre/POO/Projetos/GestaoRH/Gestao-RH/src/gestaorh/Empregado.java</file>
            <file>file:/C:/Users/creep/Desktop/CTESP/2oSemestre/POO/Projetos/GestaoRH/Gestao-RH/src/gestaorh/EmpresaClass.java</file>
            <file>file:/C:/Users/creep/Desktop/CTESP/2oSemestre/POO/Projetos/GestaoRH/Gestao-RH/src/gestaorh/VendasClass.java</file>
            <file>file:/C:/Users/creep/Desktop/CTESP/2oSemestre/POO/Projetos/GestaoRH/Gestao-RH/src/gestaorh/main.java</file>
            <file>file:/C:/Users/creep/Desktop/CTESP/2oSemestre/POO/Projetos/GestaoRH/Gestao-RH/src/gestaorh/Empresa.java</file>
            <file>file:/C:/Users/creep/Desktop/CTESP/2oSemestre/POO/Projetos/GestaoRH/Gestao-RH/src/gestaorh/DateClass.java</file>
            <file>file:/C:/Users/creep/Desktop/CTESP/2oSemestre/POO/Projetos/GestaoRH/Gestao-RH/src/gestaorh/GestaoException.java</file>
            <file>file:/C:/Users/creep/Desktop/CTESP/2oSemestre/POO/Projetos/GestaoRH/Gestao-RH/src/gestaorh/GestaoErro.java</file>
            <file>file:/C:/Users/creep/Desktop/CTESP/2oSemestre/POO/Projetos/GestaoRH/Gestao-RH/src/gestaorh/EmpregadoAbsClass.java</file>
        </group>
    </open-files>
</project-private>
